<?xml version="1.0" encoding="UTF-8"?>
<java version="1.8.0_181" class="java.beans.XMLDecoder">
 <object class="java.util.LinkedList">
  <void method="add">
   <object class="com.wm.deployer.project.is.ISNodeACL">
    <void property="executeACL">
     <string>Internal</string>
    </void>
    <void property="name">
     <string>KAPBPMUIProcessing</string>
    </void>
    <void property="nodeName">
     <string>KAPBPMUIProcessing</string>
    </void>
    <void property="version">
     <string>4.0</string>
    </void>
   </object>
  </void>
  <void method="add">
   <object class="com.wm.deployer.project.is.ISNodeACL">
    <void property="name">
     <string>KAPBPMUIProcessing.Services</string>
    </void>
    <void property="nodeName">
     <string>KAPBPMUIProcessing.Services</string>
    </void>
    <void property="version">
     <string>4.0</string>
    </void>
   </object>
  </void>
  <void method="add">
   <object class="com.wm.deployer.project.is.ISNodeACL">
    <void property="name">
     <string>KAPBPMUIProcessing.Services.Flow.History:getKAPHistory</string>
    </void>
    <void property="nodeName">
     <string>KAPBPMUIProcessing.Services.Flow.History:getKAPHistory</string>
    </void>
    <void property="version">
     <string>4.0</string>
    </void>
   </object>
  </void>
  <void method="add">
   <object class="com.wm.deployer.project.is.ISNodeACL">
    <void property="name">
     <string>KAPBPMUIProcessing.Services.Flow.History</string>
    </void>
    <void property="nodeName">
     <string>KAPBPMUIProcessing.Services.Flow.History</string>
    </void>
    <void property="version">
     <string>4.0</string>
    </void>
   </object>
  </void>
  <void method="add">
   <object class="com.wm.deployer.project.is.ISNodeACL">
    <void property="name">
     <string>KAPBPMUIProcessing.Services.Flow</string>
    </void>
    <void property="nodeName">
     <string>KAPBPMUIProcessing.Services.Flow</string>
    </void>
    <void property="version">
     <string>4.0</string>
    </void>
   </object>
  </void>
 </object>
</java>
